1001,鈴木 一郎,マーケティング,2023-10-05
1002,鈴木 次郎,マーケティング,2023-10-05
1003,高橋 三郎,エンジニアリング,2023-10-05
1004,田中 四郎,人事,2023-10-05
1005,伊藤 五郎,財務,2023-10-05
1006,渡辺 六郎,IT,2023-10-05
1007,山本 七郎,オペレーション,2023-10-05
1008,中村 八郎,法務,2023-10-05
1009,小林 九郎,カスタマーサービス,2023-10-05
1010,加藤 十郎,プロダクト,2023-10-05
1012,山田 十二,マーケティング,2023-10-05
1013,佐々木 十三,エンジニアリング,2023-10-05
1014,松本 十四,人事,2023-10-05
1015,井上 十五,財務,2023-10-05
1016,木村 十六,IT,2023-10-05
1017,林 十七,オペレーション,2023-10-05
1018,清水 十八,法務,2023-10-05
1019,山口 十九,カスタマーサービス,2023-10-05
1020,斎藤 二十,プロダクト,2023-10-05
1022,橋本 二十二,マーケティング,2023-10-05
1023,川口 二十三,エンジニアリング,2023-10-05
1024,石井 二十四,人事,2023-10-05
1025,小川 二十五,財務,2023-10-05
1026,長谷川 二十六,IT,2023-10-05
1027,藤田 二十七,オペレーション,2023-10-05
1028,岡田 二十八,法務,2023-10-05
1029,村上 二十九,カスタマーサービス,2023-10-05
1030,近藤 三十,プロダクト,2023-10-05
